{"cameraMode":{"drawMode":0,"name":"Shaded","section":"Shading Mode"},"sceneLighting":true,"audioPlay":false,"sceneViewState":{"showFog":true,"showMaterialUpdate":false,"showSkybox":true,"showFlares":true,"showImageEffects":true,"showParticleSystems":true},"in2DMode":false,"pivot":{"x":-1.0429167747497559,"y":1.2397880554199219,"z":1.7047098875045777},"rotation":{"x":0.6321382522583008,"y":0.0011587169719859958,"z":-0.0009450774523429573,"w":0.7748563885688782},"size":44.93836975097656,"orthographic":false}