{"cameraMode":{"drawMode":0,"name":"Shaded","section":"Shading Mode"},"sceneLighting":true,"audioPlay":false,"sceneViewState":{"showFog":true,"showMaterialUpdate":false,"showSkybox":true,"showFlares":true,"showImageEffects":true,"showParticleSystems":true},"in2DMode":false,"pivot":{"x":-6.078274726867676,"y":-1.972483515739441,"z":1.7646195888519288},"rotation":{"x":0.6795437932014465,"y":-0.014306086115539074,"z":0.013255291618406773,"w":0.733387291431427},"size":323.6263122558594,"orthographic":false}