{"cameraMode":{"drawMode":0,"name":"Shaded","section":"Shading Mode"},"sceneLighting":true,"audioPlay":false,"sceneViewState":{"showFog":true,"showMaterialUpdate":false,"showSkybox":true,"showFlares":true,"showImageEffects":true,"showParticleSystems":true},"in2DMode":false,"pivot":{"x":-2.445756435394287,"y":-0.18252421915531159,"z":-3.3427274227142336},"rotation":{"x":-0.029896117746829988,"y":-0.16359136998653413,"z":0.00495833670720458,"w":-0.9860743284225464},"size":4.614712715148926,"orthographic":false}