{"cameraMode":{"drawMode":0,"name":"Shaded","section":"Shading Mode"},"sceneLighting":false,"audioPlay":false,"sceneViewState":{"showFog":true,"showMaterialUpdate":false,"showSkybox":false,"showFlares":true,"showImageEffects":true,"showParticleSystems":true},"in2DMode":false,"pivot":{"x":0.03919240087270737,"y":0.5704002380371094,"z":1.1372941732406617},"rotation":{"x":0.09910985827445984,"y":0.026859648525714875,"z":-0.0026759197935462,"w":0.9947165250778198},"size":3.83927845954895,"orthographic":false}