{"cameraMode":{"drawMode":0,"name":"Shaded","section":"Shading Mode"},"sceneLighting":false,"audioPlay":false,"sceneViewState":{"showFog":true,"showMaterialUpdate":false,"showSkybox":false,"showFlares":true,"showImageEffects":true,"showParticleSystems":true},"in2DMode":false,"pivot":{"x":-0.3000001907348633,"y":0.0004997020005248487,"z":-0.3000001907348633},"rotation":{"x":0.6795437932014465,"y":-0.014306086115539074,"z":0.013255291618406773,"w":0.733387291431427},"size":25.667984008789064,"orthographic":false}