{"cameraMode":{"drawMode":0,"name":"Shaded","section":"Shading Mode"},"sceneLighting":true,"audioPlay":false,"sceneViewState":{"showFog":true,"showMaterialUpdate":false,"showSkybox":true,"showFlares":true,"showImageEffects":true,"showParticleSystems":true},"in2DMode":false,"pivot":{"x":-0.7350000143051148,"y":0.0010000000474974514,"z":1.0},"rotation":{"x":0.6321153044700623,"y":-0.006977024022489786,"z":0.005691798869520426,"w":0.7748293280601502},"size":4.5158915519714359,"orthographic":false}