{"cameraMode":{"drawMode":0,"name":"Shaded","section":"Shading Mode"},"sceneLighting":false,"audioPlay":false,"sceneViewState":{"showFog":true,"showMaterialUpdate":false,"showSkybox":false,"showFlares":true,"showImageEffects":true,"showParticleSystems":true},"in2DMode":false,"pivot":{"x":0.5786734819412231,"y":1.1493405103683472,"z":-0.22166240215301515},"rotation":{"x":0.016929753124713899,"y":0.5191741585731506,"z":-0.010282461531460286,"w":0.8544520735740662},"size":4.431511402130127,"orthographic":false}